source_label,filename,sha256_observed,sha256_expected,size_mb,status,recorded_on,citation
ENCOVI_2023,encovi_2023_c13sa_alimentos_3.xlsx,85cf72cd3d425ae190fa9e26d92ecba981d4d3f666d28df962fc46e49f8d1980,85cf72cd3d425ae190fa9e26d92ecba981d4d3f666d28df962fc46e49f8d1980,71.02,match,2025-11-08,"INE Guatemala. Encuesta Nacional de Condiciones de Vida (ENCOVI) 2023. Microdata. Instituto Nacional de Estadistica, Guatemala."
ENCOVI_2023,encovi_2023_c16sbc_produccion.xlsx,f789dc9d62bf78c6a58b01a3e7c81e0f1481e64b4d7104915343d98c9af66934,f789dc9d62bf78c6a58b01a3e7c81e0f1481e64b4d7104915343d98c9af66934,6.38,match,2025-11-08,"INE Guatemala. Encuesta Nacional de Condiciones de Vida (ENCOVI) 2023. Microdata. Instituto Nacional de Estadistica, Guatemala."
ENCOVI_2023,encovi_2023_c16sa_unidad.xlsx,a0b1ecc84d36532a5174d36ce10bc77899382b8e8383ef763eb607d7c10359cc,a0b1ecc84d36532a5174d36ce10bc77899382b8e8383ef763eb607d7c10359cc,0.49,match,2025-11-08,"INE Guatemala. Encuesta Nacional de Condiciones de Vida (ENCOVI) 2023. Microdata. Instituto Nacional de Estadistica, Guatemala."
ENCOVI_2023,encovi_2023_hogares.xlsx,b48242a09dce3884fc924b895d51c1a0d8329494cd09e034d9122c13032766f4,b48242a09dce3884fc924b895d51c1a0d8329494cd09e034d9122c13032766f4,4.31,match,2025-11-08,"INE Guatemala. Encuesta Nacional de Condiciones de Vida (ENCOVI) 2023. Microdata. Instituto Nacional de Estadistica, Guatemala."
ENCOVI_2023,encovi_2023_personas.xlsx,60918d0fb208f904ecc39b964fb89890d85730a6f28b9e1d19ce567b62fbc984,60918d0fb208f904ecc39b964fb89890d85730a6f28b9e1d19ce567b62fbc984,103.26,match,2025-11-08,"INE Guatemala. Encuesta Nacional de Condiciones de Vida (ENCOVI) 2023. Microdata. Instituto Nacional de Estadistica, Guatemala."
SIVESNU,sivesnu_gt18_hogar_publico.dta,e84fce7cd699fd3634d768776af796f296ee8738b18141934c5ed4b5a9c043a5,e84fce7cd699fd3634d768776af796f296ee8738b18141934c5ed4b5a9c043a5,6.97,match,2025-11-08,"SESAN / INCAP. Sistema de Vigilancia Epidemiologica de Salud y Nutricion (SIVESNU). Microdata. Secretaria de Seguridad Alimentaria y Nutricional, Guatemala."
SIVESNU,sivesnu_gt18_miembros_publico.dta,cb9c45c2ee3d8f0a22808ee340f3a777ecbfffd72cc37c2a5953241b627546cc,cb9c45c2ee3d8f0a22808ee340f3a777ecbfffd72cc37c2a5953241b627546cc,2.37,match,2025-11-08,"SESAN / INCAP. Sistema de Vigilancia Epidemiologica de Salud y Nutricion (SIVESNU). Microdata. Secretaria de Seguridad Alimentaria y Nutricional, Guatemala."
SIVESNU,sivesnu_gt18_mujer_publico.dta,58582305df9ffa23ef1ed7ebb13a02c82cdc4a1db7bd476934775b0de04e1b4e,58582305df9ffa23ef1ed7ebb13a02c82cdc4a1db7bd476934775b0de04e1b4e,7.41,match,2025-11-08,"SESAN / INCAP. Sistema de Vigilancia Epidemiologica de Salud y Nutricion (SIVESNU). Microdata. Secretaria de Seguridad Alimentaria y Nutricional, Guatemala."
SIVESNU,sivesnu_gt18_nino_publico.dta,31492b85bc5d8d81107a6a30b7561d90d2e82367b62a425efba2b676707f19f4,31492b85bc5d8d81107a6a30b7561d90d2e82367b62a425efba2b676707f19f4,2.97,match,2025-11-08,"SESAN / INCAP. Sistema de Vigilancia Epidemiologica de Salud y Nutricion (SIVESNU). Microdata. Secretaria de Seguridad Alimentaria y Nutricional, Guatemala."
INE_NACIMIENTOS,INE_Guatemala_Nacimientos_2019.xlsx,e6569bb34e40ef3d5c72ae7332a88f102ef61e82529439b3880fad520c8c7a68,e6569bb34e40ef3d5c72ae7332a88f102ef61e82529439b3880fad520c8c7a68,0.25,match,2026-04-27,"INE Guatemala. Estadisticas Vitales: Nacimientos. Annual reports 2019-2023. Instituto Nacional de Estadistica, Guatemala."
INE_NACIMIENTOS,INE_Guatemala_Nacimientos_2020.xlsx,f6d03f6f6d90699afad2b1d46599574448de2d26405fd657b088550848ce87c3,f6d03f6f6d90699afad2b1d46599574448de2d26405fd657b088550848ce87c3,0.4025,match,2026-04-27,"INE Guatemala. Estadisticas Vitales: Nacimientos. Annual reports 2019-2023. Instituto Nacional de Estadistica, Guatemala."
INE_NACIMIENTOS,INE_Guatemala_Nacimientos_2021.xlsx,e83323ce7eb2314008dc0008b3d601051f4304933a29803db3744267ff948861,e83323ce7eb2314008dc0008b3d601051f4304933a29803db3744267ff948861,0.2585,match,2026-04-27,"INE Guatemala. Estadisticas Vitales: Nacimientos. Annual reports 2019-2023. Instituto Nacional de Estadistica, Guatemala."
INE_NACIMIENTOS,INE_Guatemala_Nacimientos_2022.xlsx,d0d7d22dde132038c1bde0175751fd9c231dde55412d91a8be54bf09e693a3b9,d0d7d22dde132038c1bde0175751fd9c231dde55412d91a8be54bf09e693a3b9,0.2687,match,2026-04-27,"INE Guatemala. Estadisticas Vitales: Nacimientos. Annual reports 2019-2023. Instituto Nacional de Estadistica, Guatemala."
INE_NACIMIENTOS,INE_Guatemala_Nacimientos_2023.xlsx,8cda0cb5c95111852d4a29b4ec8b43b94f6fffadf18f144ea230b3f943c8ddf3,8cda0cb5c95111852d4a29b4ec8b43b94f6fffadf18f144ea230b3f943c8ddf3,0.2894,match,2026-04-27,"INE Guatemala. Estadisticas Vitales: Nacimientos. Annual reports 2019-2023. Instituto Nacional de Estadistica, Guatemala."
WHO_GROWTH,lhfa_boys_0_to_2_years_zscores.xlsx,ccfd8e455141c9a39dd728d99b7d7e080a925b06ea4a4d7592229665713dba54,ccfd8e455141c9a39dd728d99b7d7e080a925b06ea4a4d7592229665713dba54,0.0114,match,2026-04-27,"World Health Organization. WHO Child Growth Standards: Length/height-for-age. Methods and development. WHO, Geneva, 2006. // de Onis M et al. Development of a WHO growth reference for school-aged children and adolescents. Bull WHO 2007;85:660-7."
WHO_GROWTH,lhfa_boys_2_to_5_years_zscores.xlsx,a44ed06039e0a9dd6920e4a4d928395c541c9732662e49eacd489d2194ccc80d,a44ed06039e0a9dd6920e4a4d928395c541c9732662e49eacd489d2194ccc80d,0.0122,match,2026-04-27,"World Health Organization. WHO Child Growth Standards: Length/height-for-age. Methods and development. WHO, Geneva, 2006. // de Onis M et al. Development of a WHO growth reference for school-aged children and adolescents. Bull WHO 2007;85:660-7."
WHO_GROWTH,lhfa_girls_0_to_2_years_zscores.xlsx,6757f5eb96b51ab5cdb4828105929c78b1fb3d73b0fd8fa65682ad9f60f8c083,6757f5eb96b51ab5cdb4828105929c78b1fb3d73b0fd8fa65682ad9f60f8c083,0.0114,match,2026-04-27,"World Health Organization. WHO Child Growth Standards: Length/height-for-age. Methods and development. WHO, Geneva, 2006. // de Onis M et al. Development of a WHO growth reference for school-aged children and adolescents. Bull WHO 2007;85:660-7."
WHO_GROWTH,lhfa_girls_2_to_5_years_zscores.xlsx,a976c56a6d36885cc32bf77c5539ca066e396ef2adad06011cd71d9eb0f0eb5c,a976c56a6d36885cc32bf77c5539ca066e396ef2adad06011cd71d9eb0f0eb5c,0.0123,match,2026-04-27,"World Health Organization. WHO Child Growth Standards: Length/height-for-age. Methods and development. WHO, Geneva, 2006. // de Onis M et al. Development of a WHO growth reference for school-aged children and adolescents. Bull WHO 2007;85:660-7."
WHO_GROWTH,lhfa-boys-zscore-expanded-tables.xlsx,c4b1c9029ab9751a5f0888e32f35c7c0287a16d361885cf911ecf23b3f7f6b4f,c4b1c9029ab9751a5f0888e32f35c7c0287a16d361885cf911ecf23b3f7f6b4f,0.1909,match,2026-04-27,"World Health Organization. WHO Child Growth Standards: Length/height-for-age. Methods and development. WHO, Geneva, 2006. // de Onis M et al. Development of a WHO growth reference for school-aged children and adolescents. Bull WHO 2007;85:660-7."
WHO_GROWTH,lhfa-girls-zscore-expanded-tables.xlsx,6aa2876319449a6b1f4d825848128902114ff53c67b92b86a0c5140846013059,6aa2876319449a6b1f4d825848128902114ff53c67b92b86a0c5140846013059,0.1906,match,2026-04-27,"World Health Organization. WHO Child Growth Standards: Length/height-for-age. Methods and development. WHO, Geneva, 2006. // de Onis M et al. Development of a WHO growth reference for school-aged children and adolescents. Bull WHO 2007;85:660-7."
WHO_GROWTH,hfa-boys-z-who-2007-exp.xlsx,d78fa8cafcab77dcb5f03d71506d92bdcb28f89c642816b6bb0eef466b007466,d78fa8cafcab77dcb5f03d71506d92bdcb28f89c642816b6bb0eef466b007466,0.0286,match,2026-04-27,"World Health Organization. WHO Child Growth Standards: Length/height-for-age. Methods and development. WHO, Geneva, 2006. // de Onis M et al. Development of a WHO growth reference for school-aged children and adolescents. Bull WHO 2007;85:660-7."
WHO_GROWTH,hfa-girls-z-who-2007-exp.xlsx,df07ee16d3d2916569f1d869b7c874d7b880a41321d871215ed0254cb16679b3,df07ee16d3d2916569f1d869b7c874d7b880a41321d871215ed0254cb16679b3,0.0285,match,2026-04-27,"World Health Organization. WHO Child Growth Standards: Length/height-for-age. Methods and development. WHO, Geneva, 2006. // de Onis M et al. Development of a WHO growth reference for school-aged children and adolescents. Bull WHO 2007;85:660-7."
